[    
    {        
        "id":1,
        "nombre":"Bayonetta 3",
        "genero":"Hack and Slash",
        "foto":"bayonetta3.png",
        "unidades":15,
        "precio":"45,99",
        "moneda":"€",
        "descuento":0
    },
    {        
        "id":2,
        "nombre":"Stranger of Paradise",
        "genero":"Acción, Souls-like",
        "foto":"stranger.png",
        "unidades":9,
        "precio":"56,99",
        "moneda":"€",
        "descuento":21
    },
    {        
        "id":3,
        "nombre":"Elden Ring",
        "genero":"Souls-like",
        "foto":"elden.png",
        "unidades":5,
        "precio":"59,99",
        "moneda":"€",
        "descuento":0
    },
    {        
        "id":4,
        "nombre":"Kirby",
        "genero":"Plataformas",
        "foto":"kirby.png",
        "unidades":3,
        "precio":"36,99",
        "moneda":"€",
        "descuento":0
    },
    {        
        "id":5,
        "nombre":"Fatal Frame",
        "genero":"Terror",
        "foto":"fatal.png",
        "unidades":1,
        "precio":"46,99",
        "moneda":"€",
        "descuento":0
    },
    {        
        "id":6,
        "nombre":"Super Mario Odyssey",
        "genero":"Plataformas",
        "foto":"mario.png",
        "unidades":7,
        "precio":"59,99",
        "moneda":"€",
        "descuento":0
    },
    {        
        "id":7,
        "nombre":"Forspoken",
        "genero":"Action-RPG",
        "foto":"forspoken.png",
        "unidades":20,
        "precio":"79,99",
        "moneda":"€",
        "descuento":30
    }
    
]